{
	"colors": {
		"primary": "#0073aa",
		"primary-hover": "#005a87",
		"secondary": "#23282d",
		"secondary-hover": "#1a1e21",
		"text": "#1e1e1e",
		"text-light": "#757575",
		"background": "#ffffff",
		"surface": "#f5f5f5",
		"border": "#dddddd",
		"success": "#00a32a",
		"warning": "#dba617",
		"error": "#d63638"
	},
	"typography": {
		"font-family-base": "-apple-system, BlinkMacSystemFont, 'Segoe UI', Roboto, Oxygen-Sans, Ubuntu, Cantarell, 'Helvetica Neue', sans-serif",
		"font-family-heading": "-apple-system, BlinkMacSystemFont, 'Segoe UI', Roboto, Oxygen-Sans, Ubuntu, Cantarell, 'Helvetica Neue', sans-serif",
		"font-size-base": "16px",
		"font-size-sm": "14px",
		"font-size-lg": "18px",
		"font-size-h1": "2.5rem",
		"font-size-h2": "2rem",
		"font-size-h3": "1.75rem",
		"font-size-h4": "1.5rem",
		"font-size-h5": "1.25rem",
		"font-size-h6": "1rem",
		"font-weight-normal": "400",
		"font-weight-medium": "500",
		"font-weight-bold": "700",
		"line-height-base": "1.6",
		"line-height-heading": "1.3"
	},
	"spacing": {
		"xs": "4px",
		"sm": "8px",
		"md": "16px",
		"lg": "24px",
		"xl": "32px",
		"xxl": "48px",
		"section": "80px"
	}
}
